{
  "train_samples": 272,
  "test_samples": 91,
  "accuracy": 0.989010989010989,
  "labels": [
    "circle",
    "rectangle_outline",
    "star"
  ],
  "confusion_matrix": [
    [
      30,
      0,
      0
    ],
    [
      0,
      30,
      0
    ],
    [
      0,
      1,
      30
    ]
  ],
  "classification_report": {
    "circle": {
      "precision": 1.0,
      "recall": 1.0,
      "f1-score": 1.0,
      "support": 30.0
    },
    "rectangle_outline": {
      "precision": 0.967741935483871,
      "recall": 1.0,
      "f1-score": 0.9836065573770492,
      "support": 30.0
    },
    "star": {
      "precision": 1.0,
      "recall": 0.967741935483871,
      "f1-score": 0.9836065573770492,
      "support": 31.0
    },
    "accuracy": 0.989010989010989,
    "macro avg": {
      "precision": 0.989247311827957,
      "recall": 0.989247311827957,
      "f1-score": 0.9890710382513661,
      "support": 91.0
    },
    "weighted avg": {
      "precision": 0.989365473236441,
      "recall": 0.989010989010989,
      "f1-score": 0.989010989010989,
      "support": 91.0
    }
  }
}