{
  "train_loss": [
    0.3197400548573955,
    0.2288956017521641,
    0.21989318469296332,
    0.20860206703548237
  ],
  "val_loss": [
    0.2311689420318117,
    0.20954820696188478,
    0.2072228132462015,
    0.2038569687580576
  ],
  "val_dice": [
    0.12359176992481967,
    0.10626091448324218,
    0.0890889989092765,
    0.16255645811707875
  ],
  "val_iou": [
    0.08223487931346912,
    0.0693401959500224,
    0.057739478547294214,
    0.11230783400741569
  ]
}