{
  "dataset": "CVC-ClinicDB",
  "num_total": 612,
  "num_train": 391,
  "num_val": 98,
  "num_test": 123,
  "image_size": 128,
  "batch_size": 4,
  "epochs": 4,
  "learning_rate": 0.001,
  "mean": [
    0.40220749378204346,
    0.270392507314682,
    0.18508613109588623
  ],
  "std": [
    0.2999154329299927,
    0.20609381794929504,
    0.14005665481090546
  ],
  "test_loss": 0.20333666917754384,
  "test_dice": 0.26749174860628794,
  "test_iou": 0.1956719559732229
}